EPISODE,TIMESTAMP,PROMPT_LINES,RESPONSE_LINES,RESUME_EPISODE,FAMILLES_SECOND_ORDRE_CODES,TYPES_DE_PREUVE,NOTE_STRUCTURELLE
E01,19/08/2026 11:32:05,9-80,81-264,Cadrage hérité de gouvernance et premier diagnostic architectural local.,EF01_AUTHORITY_DECISION;EF02_REPRESENTATION_INTEGRITY;EF05_NONPROLIFERATION_FUNCTION;EF14_REVERSIBLE_MUTATION,interaction_directe;evidence_depot_mediee_par_reponse,
E02,19/08/2026 11:47:45,265-275,276-492,Correction du plan trop précoce après demande de reconstruction de la trajectoire de PR132; proposition utilisateur explicitement non impérative.,EF01_AUTHORITY_DECISION;EF02_REPRESENTATION_INTEGRITY,interaction_directe;evidence_depot_mediee_par_reponse,
E03,19/08/2026 12:07:57,493-509,510-671,Découverte de la perte des recherches vivantes au raccord phase 1→2 et distinction entre validité locale et représentation complète.,EF02_REPRESENTATION_INTEGRITY;EF13_LIVE_SCIENCE_PROGRAM;EF04_CONTINUITY_RECOVERABILITY,interaction_directe;evidence_depot_mediee_par_reponse;temoignage_utilisateur,
E04,19/08/2026 12:28:39,672-690,691-853,"Ajout du problème d’auditabilité humaine: compression sémantique, fatigue cognitive et distinction traduction/consolidation.",EF03_HUMAN_AUDITABILITY;EF02_REPRESENTATION_INTEGRITY;EF13_LIVE_SCIENCE_PROGRAM,interaction_directe;temoignage_utilisateur,
E05,19/08/2026 12:54:34,854-864,865-963,Décision de poursuivre un seul test de transmission; recherche d’une conservation contextuelle minimale sans prolifération.,EF02_REPRESENTATION_INTEGRITY;EF03_HUMAN_AUDITABILITY;EF04_CONTINUITY_RECOVERABILITY;EF08_SECOND_ORDER_SYMMETRY,interaction_directe;evidence_depot_mediee_par_reponse,
E06,19/08/2026 13:21:51,964-978,979-1033,Affinement de l’auditabilité sémantique et de la traçabilité; autorisation d’action infrastructurelle faible; révision de la non-prolifération.,EF03_HUMAN_AUDITABILITY;EF04_CONTINUITY_RECOVERABILITY;EF05_NONPROLIFERATION_FUNCTION;EF01_AUTHORITY_DECISION,interaction_directe;evidence_depot_mediee_par_reponse;temoignage_utilisateur,
E07,19/08/2026 13:49:13,1034-1046,1047-1141,"Élaboration de candidates Human-First, checkpoint traçable et éventuels AGENTS locaux, sans architecture gigogne automatique.",EF03_HUMAN_AUDITABILITY;EF04_CONTINUITY_RECOVERABILITY;EF05_NONPROLIFERATION_FUNCTION;EF09_FUNCTION_MECHANISM_TOOLING,interaction_directe;evidence_depot_mediee_par_reponse,
E08,19/08/2026 13:59:11,1142-1153,1154-1174,Proposition de tester les candidates dans le travail réel avec contrôle terminal borné plutôt qu’une phase de test séparée.,EF06_RULE_EVIDENCE_STATUS;EF08_SECOND_ORDER_SYMMETRY;EF10_RULE_LIFECYCLE_EXPOSURE,interaction_directe,
E09,19/08/2026 14:00:55,1175-1179,1180-1229,Correction: une tâche longue ne doit pas commencer avant consolidation; incident Git __invalid__ traité comme donnée de processus.,EF04_CONTINUITY_RECOVERABILITY;EF08_SECOND_ORDER_SYMMETRY;EF14_REVERSIBLE_MUTATION,interaction_directe;evidence_depot_mediee_par_reponse,
E10,19/08/2026 14:04:48,1230-1236,1237-1309,Demande de matérialisation effective; création d’une branche/PR expérimentale AGENTS et nouvel incident technique.,EF10_RULE_LIFECYCLE_EXPOSURE;EF04_CONTINUITY_RECOVERABILITY;EF03_HUMAN_AUDITABILITY;EF01_AUTHORITY_DECISION;EF14_REVERSIBLE_MUTATION,interaction_directe;evidence_depot_mediee_par_reponse,
E11,19/08/2026 14:14:26,1310-1314,1315-1363,Distinction ancrage unique vs checkpoints successifs; refus de l’écrasement de généalogie.,EF04_CONTINUITY_RECOVERABILITY,interaction_directe;evidence_depot_mediee_par_reponse,
E12,19/08/2026 14:18:35,1364-1370,1371-1518,Révision de la non-prolifération et du cycle de vie des PR; incident de troncature AGENTS; coût jugé par information/fonction.,EF04_CONTINUITY_RECOVERABILITY;EF05_NONPROLIFERATION_FUNCTION;EF01_AUTHORITY_DECISION,interaction_directe;evidence_depot_mediee_par_reponse,
E13,19/08/2026 14:54:40,1519-1526,1527-1577,Séparation document courant/généalogie et réflexion sur l’usage réel des outils plutôt que leurs seules possibilités.,EF04_CONTINUITY_RECOVERABILITY;EF05_NONPROLIFERATION_FUNCTION;EF09_FUNCTION_MECHANISM_TOOLING;EF07_RULE_REGIME_EVOLUTION,interaction_directe;evidence_depot_mediee_par_reponse;temoignage_utilisateur,
E14,19/08/2026 15:11:13,1578-1584,1585-1629,Demande de preuve que l’idée sur les outils a réellement été matérialisée; problème de perte d’idées hors sujet courant.,EF04_CONTINUITY_RECOVERABILITY;EF09_FUNCTION_MECHANISM_TOOLING;EF12_RESOLUTION_UPLIFT,interaction_directe;evidence_depot_mediee_par_reponse,
E15,19/08/2026 15:16:27,1630-1636,1637-1719,"Candidate de capture des idées pertinentes hors périmètre; capture potentiellement bloquante, résolution seulement conditionnelle.",EF04_CONTINUITY_RECOVERABILITY;EF05_NONPROLIFERATION_FUNCTION;EF10_RULE_LIFECYCLE_EXPOSURE,interaction_directe;evidence_depot_mediee_par_reponse,
E16,19/08/2026 15:27:16,1720-1728,1729-1749,Rappel du chantier principal et candidate état courant/généalogie.,EF04_CONTINUITY_RECOVERABILITY;EF13_LIVE_SCIENCE_PROGRAM,interaction_directe;evidence_depot_mediee_par_reponse,
E17,19/08/2026 15:28:09,1750-1754,1755-1767,Audit de conservation des idées de la conversation pour repérer ce qui a été seulement évoqué.,EF04_CONTINUITY_RECOVERABILITY;EF01_AUTHORITY_DECISION,interaction_directe;evidence_depot_mediee_par_reponse,
E18,19/08/2026 15:39:03,1768-1772,1773-1862,Séparation règle formulée/appliquée/testée; mise en place d’un statut probatoire et auto-application à la méta-règle.,EF06_RULE_EVIDENCE_STATUS;EF08_SECOND_ORDER_SYMMETRY;EF04_CONTINUITY_RECOVERABILITY,interaction_directe;evidence_depot_mediee_par_reponse,
E19,19/08/2026 15:44:25,1863-1873,1874-1886,Proposition d’un audit historique des règles avant reprise scientifique.,EF06_RULE_EVIDENCE_STATUS;EF07_RULE_REGIME_EVOLUTION;EF08_SECOND_ORDER_SYMMETRY,interaction_directe;evidence_depot_mediee_par_reponse,
E20,19/08/2026 15:45:17,1887-1891,1892-1938,Élargissement aux méta-règles infrastructurelles et méthodologiques de tout le dépôt.,EF07_RULE_REGIME_EVOLUTION;EF06_RULE_EVIDENCE_STATUS,interaction_directe;evidence_depot_mediee_par_reponse,
E21,19/08/2026 15:47:10,1939-1943,1944-1972,Exigence de reconstruire le régime d’application sans l’inférer rétroactivement de l’usage.,EF07_RULE_REGIME_EVOLUTION,interaction_directe;evidence_depot_mediee_par_reponse;temoignage_utilisateur,
E22,19/08/2026 15:48:28,1973-1977,1978-2013,Ajout de la symétrie sur-extension/sous-extension et occasions manquées.,EF08_SECOND_ORDER_SYMMETRY;EF07_RULE_REGIME_EVOLUTION,interaction_directe;evidence_depot_mediee_par_reponse;temoignage_utilisateur,
E23,19/08/2026 15:50:13,2014-2018,2019-2057,"Priorisation de #135 avant la remontée scientifique, avec borne: découverte d’un défaut n’autorise pas sa réparation.",EF10_RULE_LIFECYCLE_EXPOSURE;EF08_SECOND_ORDER_SYMMETRY;EF13_LIVE_SCIENCE_PROGRAM,interaction_directe;evidence_depot_mediee_par_reponse,
E24,19/08/2026 15:53:41,2058-2065,2066-2144,Ajout du contexte de naissance/usage et des règles implicites au protocole d’audit.,EF07_RULE_REGIME_EVOLUTION;EF01_AUTHORITY_DECISION;EF04_CONTINUITY_RECOVERABILITY,interaction_directe;evidence_depot_mediee_par_reponse,
E25,19/08/2026 16:10:14,2145-2149,2150-2198,Ajout du critère d’utilité réelle et question du déplacement de fonctions vers l’infrastructure.,EF09_FUNCTION_MECHANISM_TOOLING;EF08_SECOND_ORDER_SYMMETRY,interaction_directe;evidence_depot_mediee_par_reponse,
E26,19/08/2026 16:13:04,2199-2203,2204-2431,"Récursivité généralisée entre règles, outils et contrôles; nécessité de l’étudier sans boucle infinie.",EF08_SECOND_ORDER_SYMMETRY;EF12_RESOLUTION_UPLIFT,interaction_directe;evidence_depot_mediee_par_reponse,
E27,19/08/2026 16:48:49,2432-2438,2439-2457,Correction du biais de sélection: les règles visibles dans la conversation ne peuvent épuiser le dépôt.,EF07_RULE_REGIME_EVOLUTION;EF01_AUTHORITY_DECISION;EF02_REPRESENTATION_INTEGRITY,interaction_directe;evidence_depot_mediee_par_reponse,
E28,19/08/2026 16:49:29,2458-2462,2463-2498,Vérification matérielle de l’inscription effective du périmètre élargi dans #135.,EF04_CONTINUITY_RECOVERABILITY;EF01_AUTHORITY_DECISION,interaction_directe;evidence_depot_mediee_par_reponse,
E29,19/08/2026 16:51:49,2499-2503,2504-2602,Demande de relier récursivités entre anciennes et nouvelles règles avant reprise de #134.,EF08_SECOND_ORDER_SYMMETRY;EF12_RESOLUTION_UPLIFT;EF07_RULE_REGIME_EVOLUTION,interaction_directe;evidence_depot_mediee_par_reponse,
E30,19/08/2026 17:04:59,2603-2609,2617-2649,Évaluation d’outils installés mais non éprouvés; gain présent et réversibilité plutôt que dépendance future absolue.,EF09_FUNCTION_MECHANISM_TOOLING;EF14_REVERSIBLE_MUTATION,interaction_directe;evidence_depot_mediee_par_reponse;temoignage_utilisateur,
E31,19/08/2026 17:10:09,2650-2654,2655-2673,Retrait de l’exigence trop forte de substituabilité des outils.,EF09_FUNCTION_MECHANISM_TOOLING;EF02_REPRESENTATION_INTEGRITY,interaction_directe;evidence_depot_mediee_par_reponse;temoignage_utilisateur,
E32,19/08/2026 17:12:13,2674-2678,2679-2733,Poursuite de l’évaluation des outils sous le critère corrigé.,EF09_FUNCTION_MECHANISM_TOOLING,interaction_directe;evidence_depot_mediee_par_reponse,
E33,19/08/2026 17:16:41,2734-2738,2739-2987,Ouverture de la recherche à des solutions open source existantes plutôt qu’aux seuls outils déjà connus.,EF09_FUNCTION_MECHANISM_TOOLING,interaction_directe;evidence_depot_mediee_par_reponse;temoignage_utilisateur,
E34,19/08/2026 17:24:27,2988-2992,2993-3401,Passage du choix d’un outil au routage/composition de capacités par fonction.,EF09_FUNCTION_MECHANISM_TOOLING,interaction_directe;evidence_depot_mediee_par_reponse;temoignage_utilisateur,
E35,19/08/2026 18:14:07,3402-3406,3407-3641,Poursuite de la seconde passe repo-led.,EF10_RULE_LIFECYCLE_EXPOSURE,interaction_directe;evidence_depot_mediee_par_reponse,
E36,19/08/2026 18:42:54,3642-3648,,Ajout de la régionalité des outils et contrôles selon type de travail.,EF09_FUNCTION_MECHANISM_TOOLING;EF07_RULE_REGIME_EVOLUTION,interaction_directe;evidence_depot_mediee_par_reponse;temoignage_utilisateur,Deux prompts successifs précèdent la réponse E37; conservé comme propriété du processus.
E37,19/08/2026 18:45:08,3649-3654,3655-3746,Ajout explicite de la récursivité aux règles à examiner; distinction entre relation et nouvelle règle.,EF08_SECOND_ORDER_SYMMETRY;EF07_RULE_REGIME_EVOLUTION;EF12_RESOLUTION_UPLIFT,interaction_directe;evidence_depot_mediee_par_reponse,
E38,19/08/2026 19:14:27,3747-3843,3844-3901,Proposition d’un shadow vivant léger et d’un micro-audit différé pour les candidates; auto-application exigée.,EF10_RULE_LIFECYCLE_EXPOSURE;EF08_SECOND_ORDER_SYMMETRY,interaction_directe;evidence_depot_mediee_par_reponse;temoignage_utilisateur,
E39,19/08/2026 19:22:41,3844-3850,3851-3901,"Porte explicite entre candidate, implantation expérimentale minimale, exposition et promotion; autorité minimale durant le test.",EF10_RULE_LIFECYCLE_EXPOSURE;EF01_AUTHORITY_DECISION;EF14_REVERSIBLE_MUTATION,interaction_directe;evidence_depot_mediee_par_reponse,
E40,19/08/2026 19:31:28,3902-3908,3909-3976,Décision de redonner priorité à la science et de rendre le méta-travail événementiel; clôture réversible de bancs terminés.,EF10_RULE_LIFECYCLE_EXPOSURE;EF13_LIVE_SCIENCE_PROGRAM,interaction_directe;evidence_depot_mediee_par_reponse,
E41,19/08/2026 19:38:35,3977-3985,3986-4084,Candidate de retour contextuel aux règles en cas de blocage et fermeture de PR expérimentales dont la fonction est terminée.,EF10_RULE_LIFECYCLE_EXPOSURE;EF07_RULE_REGIME_EVOLUTION,interaction_directe;evidence_depot_mediee_par_reponse;temoignage_utilisateur,
E42,19/08/2026 19:52:34,4085-4089,4090-4122,"Réévaluation des critères des audits antérieurs, pas seulement de leurs conclusions.",EF08_SECOND_ORDER_SYMMETRY;EF02_REPRESENTATION_INTEGRITY;EF13_LIVE_SCIENCE_PROGRAM;EF10_RULE_LIFECYCLE_EXPOSURE,interaction_directe;evidence_depot_mediee_par_reponse,
E43,19/08/2026 19:58:55,4123-4127,4128-4208,Cartographie des dépendances exactes des phases puis autorisation de remonter vers la science.,EF02_REPRESENTATION_INTEGRITY;EF13_LIVE_SCIENCE_PROGRAM;EF10_RULE_LIFECYCLE_EXPOSURE,interaction_directe;evidence_depot_mediee_par_reponse,
E44,19/08/2026 20:17:28,4209-4221,4222-4319,Question de l’opérationnalisation méthodologique/épistémologique et Human-First avant achèvement de nouveaux cycles scientifiques.,EF10_RULE_LIFECYCLE_EXPOSURE;EF09_FUNCTION_MECHANISM_TOOLING;EF03_HUMAN_AUDITABILITY;EF13_LIVE_SCIENCE_PROGRAM,interaction_directe;evidence_depot_mediee_par_reponse;temoignage_utilisateur,
E45,19/08/2026 20:36:26,4320-4329,4330-4437,Conception de tests à l’aveugle sur agents sans contexte et vérification que la physique n’est pas oubliée.,EF08_SECOND_ORDER_SYMMETRY;EF03_HUMAN_AUDITABILITY;EF13_LIVE_SCIENCE_PROGRAM,interaction_directe;evidence_depot_mediee_par_reponse,
E46,19/08/2026 20:51:43,4438-4450,4451-4529,Définition des environnements de blind test et suppression d’un faux incipit historique.,EF08_SECOND_ORDER_SYMMETRY,interaction_directe;evidence_depot_mediee_par_reponse,
E47,19/08/2026 21:50:41,4530-4536,4537-4659,Résultats de tests à l’aveugle fournis avec écarts au protocole; écarts traités comme variables.,EF08_SECOND_ORDER_SYMMETRY;EF04_CONTINUITY_RECOVERABILITY,interaction_directe;evidence_depot_mediee_par_reponse;materiau_externe_integre,
E48,19/08/2026 22:15:25,4660-4733,4734-4839,"Ajout des confondeurs mémoire, instructions personnalisées et contexte de compte dans l’interprétation des tests.",EF08_SECOND_ORDER_SYMMETRY;EF03_HUMAN_AUDITABILITY;EF01_AUTHORITY_DECISION,interaction_directe;temoignage_utilisateur;materiau_externe_integre,
E49,19/08/2026 22:30:21,4840-4847,4848-4943,Proposition d’un autotest conversationnel séparé des blind tests documentaires.,EF08_SECOND_ORDER_SYMMETRY;EF03_HUMAN_AUDITABILITY,interaction_directe,
E50,20/08/2026 13:21:34,4944-4960,4961-5137,Candidate de localisation systémique: remonter au niveau qui produit réellement le problème avant correction locale.,EF11_CAUSAL_PROOF;EF08_SECOND_ORDER_SYMMETRY;EF12_RESOLUTION_UPLIFT,interaction_directe;evidence_depot_mediee_par_reponse,
E51,20/08/2026 13:39:02,5138-5142,5143-5227,Préparation d’un test borné de la candidate de localisation.,EF11_CAUSAL_PROOF;EF10_RULE_LIFECYCLE_EXPOSURE,interaction_directe;evidence_depot_mediee_par_reponse,
E52,20/08/2026 14:07:43,5228-5343,5344-5551,Déplacement vers l’archéologie des résolutions: que le dépôt a-t-il appris mais non remonté; propositions externes examinées sans autorité automatique.,EF12_RESOLUTION_UPLIFT;EF11_CAUSAL_PROOF;EF08_SECOND_ORDER_SYMMETRY;EF09_FUNCTION_MECHANISM_TOOLING;EF01_AUTHORITY_DECISION,interaction_directe;evidence_depot_mediee_par_reponse;materiau_externe_integre,
E53,20/08/2026 14:18:35,5552-5664,5665-5801,Conservation explicite de candidates et propositions d’outillage sans promotion; distinction heuristique/règle/mécanisme.,EF04_CONTINUITY_RECOVERABILITY;EF12_RESOLUTION_UPLIFT;EF10_RULE_LIFECYCLE_EXPOSURE;EF09_FUNCTION_MECHANISM_TOOLING,interaction_directe;evidence_depot_mediee_par_reponse;materiau_externe_integre,
E54,20/08/2026 14:29:06,5802-5806,5807-5896,"Archéologie de cinq épisodes C7: résolution locale, connaissance causale et apprentissage transférable.",EF12_RESOLUTION_UPLIFT;EF11_CAUSAL_PROOF;EF01_AUTHORITY_DECISION,interaction_directe;evidence_depot_mediee_par_reponse,
E55,20/08/2026 14:38:42,5897-5901,5902-5992,Premier shadow historique des candidates localisation causale et couplage probatoire.,EF11_CAUSAL_PROOF;EF06_RULE_EVIDENCE_STATUS;EF08_SECOND_ORDER_SYMMETRY,interaction_directe;evidence_depot_mediee_par_reponse,
E56,20/08/2026 15:12:46,5993-6002,6003-6131,Recherche volontaire de contre-cas et audit de la distribution d’autorité humaine/agentique.,EF11_CAUSAL_PROOF;EF01_AUTHORITY_DECISION;EF07_RULE_REGIME_EVOLUTION;EF08_SECOND_ORDER_SYMMETRY;EF14_REVERSIBLE_MUTATION,interaction_directe;evidence_depot_mediee_par_reponse;temoignage_utilisateur,
E57,20/08/2026 15:38:27,6132-6138,6139-6159,"Décision progressive de délégation technique bornée, sans délégation scientifique générale.",EF01_AUTHORITY_DECISION;EF14_REVERSIBLE_MUTATION,interaction_directe;evidence_depot_mediee_par_reponse;temoignage_utilisateur,
E58,20/08/2026 15:42:38,6160-6164,6165-6247,Transport des candidates hors C7 et différenciation de leurs régimes/silences.,EF11_CAUSAL_PROOF;EF07_RULE_REGIME_EVOLUTION;EF08_SECOND_ORDER_SYMMETRY,interaction_directe;evidence_depot_mediee_par_reponse,
E59,20/08/2026 16:15:57,6248-6252,6253-6287,Contre-cas de sur-investigation: le systémique doit s’effacer quand un discriminant local suffit.,EF11_CAUSAL_PROOF;EF05_NONPROLIFERATION_FUNCTION,interaction_directe;evidence_depot_mediee_par_reponse,
E60,20/08/2026 16:18:28,6288-6292,6293-6390,Correction anti-confinement: origine historique C7 ≠ portée future; A/B possiblement absorbables dans noyau existant.,EF07_RULE_REGIME_EVOLUTION;EF10_RULE_LIFECYCLE_EXPOSURE,interaction_directe;evidence_depot_mediee_par_reponse;temoignage_utilisateur,
E61,20/08/2026 16:21:05,6391-6395,6396-6482,Projet comme processus continu; distinction entre campagne d’épreuve terminable et vérité finale sur une règle.,EF10_RULE_LIFECYCLE_EXPOSURE;EF07_RULE_REGIME_EVOLUTION;EF08_SECOND_ORDER_SYMMETRY,interaction_directe;temoignage_utilisateur,
E62,20/08/2026 16:30:18,6483-6487,6488-6600,Clôture de la campagne actuelle et retour au choix scientifique.,EF10_RULE_LIFECYCLE_EXPOSURE,interaction_directe;evidence_depot_mediee_par_reponse,
E63,20/08/2026 16:46:05,6601-6607,6608-6791,Ratification humaine de C10 comme priorité; screening microscopique borné avec autonomie technique accrue.,EF13_LIVE_SCIENCE_PROGRAM;EF01_AUTHORITY_DECISION;EF15_PROSPECTIVE_INFORMATION_BOUNDARY;EF10_RULE_LIFECYCLE_EXPOSURE,interaction_directe;evidence_depot_mediee_par_reponse;temoignage_utilisateur,
E64,20/08/2026 17:11:27,6792-6799,6800-6840,Ambiguïté sémantique réelle lors du passage méthodologie→physique; mise en shadow d’une réinstallation du parent sémantique.,EF03_HUMAN_AUDITABILITY;EF10_RULE_LIFECYCLE_EXPOSURE,interaction_directe;evidence_depot_mediee_par_reponse;temoignage_utilisateur,
E65,20/08/2026 17:17:28,6841-6845,6846-7159,Test microscopique C10 avec mécanismes distingués et quatre sorties pré-déclarées pour éviter le sauvetage opportuniste.,EF15_PROSPECTIVE_INFORMATION_BOUNDARY;EF11_CAUSAL_PROOF;EF13_LIVE_SCIENCE_PROGRAM,interaction_directe;evidence_depot_mediee_par_reponse,
E66,20/08/2026 17:40:56,7160-7164,7165-7177,Proposition de figer les prédictions réellement prospectives avant confrontation au résultat.,EF15_PROSPECTIVE_INFORMATION_BOUNDARY;EF01_AUTHORITY_DECISION,interaction_directe;evidence_depot_mediee_par_reponse;temoignage_utilisateur,
E67,20/08/2026 17:42:11,7178-7182,7183-7226,Distinction résultat connu / inférence actuelle / conséquence prospective et fonction généalogique du timestamp.,EF15_PROSPECTIVE_INFORMATION_BOUNDARY;EF13_LIVE_SCIENCE_PROGRAM;EF01_AUTHORITY_DECISION,interaction_directe;temoignage_utilisateur,
E68,20/08/2026 17:46:23,7227-7235,7236-7339,"Pause pour évaluer utilité et support externe de certification; distinction prérégistration, preuve d’antériorité et publication.",EF15_PROSPECTIVE_INFORMATION_BOUNDARY;EF07_RULE_REGIME_EVOLUTION;EF09_FUNCTION_MECHANISM_TOOLING,interaction_directe;evidence_depot_mediee_par_reponse;temoignage_utilisateur;materiau_externe_integre,
E69,20/08/2026 17:56:46,7340-7350,7351-7423,"Trigger transparent d’arrêt avant opération discriminante; séparation trigger, jugement de valeur et timestamp; apprentissage explicite du dispositif.",EF15_PROSPECTIVE_INFORMATION_BOUNDARY;EF01_AUTHORITY_DECISION;EF08_SECOND_ORDER_SYMMETRY;EF12_RESOLUTION_UPLIFT;EF07_RULE_REGIME_EVOLUTION,interaction_directe;evidence_depot_mediee_par_reponse;temoignage_utilisateur,
E70,20/08/2026 18:12:08,7424-7434,7435-8534,Rapport scientifique détaillé comme point de compréhension et examen des standards de séparation informationnelle.,EF02_REPRESENTATION_INTEGRITY;EF15_PROSPECTIVE_INFORMATION_BOUNDARY;EF07_RULE_REGIME_EVOLUTION;EF13_LIVE_SCIENCE_PROGRAM;EF03_HUMAN_AUDITABILITY,interaction_directe;evidence_depot_mediee_par_reponse;temoignage_utilisateur;materiau_externe_integre,
E71,20/08/2026 18:41:14,8535-8560,,Le rapport révèle métalangage historique et contamination d’une ancienne question; réouverture bornée des questions de recherche.,EF02_REPRESENTATION_INTEGRITY;EF04_CONTINUITY_RECOVERABILITY;EF13_LIVE_SCIENCE_PROGRAM;EF03_HUMAN_AUDITABILITY;EF01_AUTHORITY_DECISION,interaction_directe;temoignage_utilisateur,Dernier prompt sans réponse dans l'export; codé comme observation utilisateur terminale.
