ID_REGLE,FAMILLE,FORMULATION_COURANTE,FONCTION,SUJET,SOURCES_ET_ANTECEDENTS,REGIME_DECLARE,REGIME_RATIFIE,REGIME_DE_FACTO,PORTEE_DECLENCHEUR_EXCEPTIONS_ARRET,MECANISME_ENFORCEMENT,EPISODES_APPLICATION,EPISODES_SILENCE,SOUS_APPLICATIONS,SUR_APPLICATIONS,EFFETS_BENEFIQUES,COUTS_EFFETS_ADVERSES,CONTRE_CAS_TESTS,STATUT_PROBATOIRE,VERDICT_PROVISOIRE,ACTION_A_REALISER,CONDITION_DECLENCHEMENT_ACTION,SUPPORT_CIBLE_EVENTUEL,NOTES_AUDIT
"R-001","rang probatoire","Un résultat machine ou un vert CI n'établit que ce que le contrôle a effectivement observé; il ne devient pas automatiquement résultat ou validation scientifique.","Empêcher la promotion de signaux techniques en conclusions scientifiques.","agent+humain","AGENTS.md; #121; #122; #124; #125/#126; #119; #82; #105-#108","transversal science/computation/documentation","noyau actif déjà présent; soutien historique et inter-régime fort","fortement appliqué de facto","Toute utilisation d'un contrôle machine pour soutenir une propriété scientifique ou documentaire; silence si aucune prétention au-delà du contrôle.","AGENTS + contrats CI + revue humaine","#121 CI bornée; #122 routage C2; #124/#126 non-régression; #119 faux rouge de contrat","mesures/identités directement observables sans généralisation","incidents historiques de verts/tests vacants ou signaux mal qualifiés avant correction (#82; #107)","quelques formulations anciennes ont parfois laissé un vert prendre trop d'autorité avant correction","borne les inférences; évite faux verdicts scientifiques","peut devenir redondant si répété dans chaque workflow","#119 delta=6; #82 contrôles inatteignables malgré 62/62; #107 pseudo-erreur placeholders; #102 dragging","SOUTIEN_FORT / TRANSVERSAL_DEJA_ACTIF","CONSERVER_NUCLEUS; NE_PAS_CREER_DE_DOUBLON","AUCUNE_PROMOTION_NOUVELLE; VERIFIER_COHERENCE_DANS_SUPPORTS_EXISTANTS","si une surface actuelle contredit encore explicitement ce noyau","AGENTS racine ou local computationnel seulement si lacune réelle","Ne pas confondre conservation du noyau avec multiplication de formulations locales."
"R-002","cause d'un rouge","Avant d'attribuer un rouge au candidat scientifique ou au produit réel, reproduire la cause au niveau du harness, de la spécification, de l'environnement ou du logiciel effectif.","Éviter faux négatifs et réparations au mauvais niveau.","agent","#119; #102; #94; R5/#63; synthèses #135","computationnel, potentiellement transformationnel","fortement ratifié localement; portée transverse exacte à auditer","appliqué avec succès dans plusieurs incidents","Déclenche si rouge/échec et cause non localisée; silence si cause locale déterministe déjà reproduite.","inspection source/trace + tests ciblés + rollback","#119 B-r; #102 drag_requested!=drag_effective; R5 finalizer","C7C1_DATA_DIR et erreurs locales où dézoom inutile","sous-appliqué avant certaines spécifications R5/#119","sur-extension possible si tout incident déclenche archéologie générale","réduit détours et faux diagnostics","coût d'enquête si déclenché sans ambiguïté causale","contre-shadow #135: C7C1_DATA_DIR; #127 corrections déjà localisées","SOUTIEN_FORT_MAIS_BORNE","HEURISTIQUE_UTILE; NECESSITE_D_UNE_REGLE_AUTONOME_NON_ETABLIE","ABSORBER_DANS_NUCLEUS_EXISTANT_PLUTOT_QUE_CREER_REGLE_SEPAREE","si une future erreur montre que le noyau actuel ne déclenche pas la localisation nécessaire","AGENTS/computation ou doctrine de falsification existante","Candidate A de #135 est surtout une compression opératoire de mécanismes antérieurs."
"R-003","couplage probatoire","Un toy, mock, proxy, fallback, conversion, extraction ou représentation indirecte ne qualifie une propriété réelle que si le dispositif exerce effectivement cette propriété et si l'équivalence nécessaire à l'usage est établie.","Garantir la non-vacuité et la fidélité des dispositifs de preuve.","agent","#94; #119; #23; #82; #102; C3 neutrinos; #105-#107; #135","computationnel/transformationnel","soutien fort dans plusieurs régimes computationnels, documentaires et transformationnels; promotion de support distincte","appliqué et falsifié/réparé dans plusieurs pipelines et contrôles","Déclenche lors d'une généralisation depuis représentation indirecte; silence pour propriété directe ou équivalence déjà établie; pas de test coûteux sans gain discriminant.","test de non-vacuité + propriété réellement exercée + équivalence d'usage + sévérité alignée sur le risque","#94 mock déplacé sous appel réel; #82 contrôles d'autorisation rendus non vacants; #105 ablation sans perte; #106 heuristique corrigée; #107 sévérité placeholders; C3 proxy C1→C2","#90 mesure matérielle directe; identités SHA; propriété directe déjà observée","#82: 62/62 masquait cinq contrôles inatteignables; #106/#107 signaux non alignés sur fonction","exiger un falsificateur supplémentaire lorsque propriété directe/équivalence est déjà établie","évite verts vacants et généralisations abusives","peut ajouter charge probatoire disproportionnée","#82 test vacant; #105 ablation; #106 faux positif structurel; #107 dette informative ≠ invalidité","SOUTIEN_FORT_TRANSREGIME","CONSERVER_COMME_UNITE_FONCTIONNELLE; ARTICULER_AVEC_REGIME_INDEXE_ET_SEVERITE","AUCUNE_PROMOTION_NOUVELLE; UTILISER_COMME_CRITERE_D_ATOMISATION_ET_D_OUTILLAGE","nouveau contrôle/proxy/harness ou changement du régime effectivement exercé","noyau computationnel existant; pas nécessairement nouvelle ligne AGENTS","Le transport hors C7 (#105-#107) est acquis. Le candidat séparé « qualification située dans le régime » est absorbé ici + R-026 plutôt qu'ajouté comme règle autonome."
"R-004","routage et autorité","Un point d'entrée route vers l'autorité applicable; il n'acquiert pas l'autorité par sa date, son titre, son numéro ou sa visibilité.","Empêcher confusion accueil/autorité et provenance/état courant.","agent+humain","#123/#124; #125/#126; #127/#128; AGENTS","documentaire/transversal","promu sur main via #124/#126; noyau actif","appliqué dans routes C7 et statuts documentaires","Toujours pour reprise; exceptions seulement si point d'entrée est explicitement aussi décision/autorité.","README vivants + issues actives + décisions","#124 C7 #119/#120; #126 rang décision vs tableaux datés","documents purement historiques sans fonction de routage","blind tests #136 montrent sous-application temporelle","sur-extension si tout vieux document est déclassé malgré contenu valide","réduit erreurs d'état et autorité","maintenance des pointeurs vivants","#136 blind tests; #127 huit cas","SOUTIEN_FORT / MAIN_ACTIF","CONSERVER","AUCUNE sauf resynchronisation ciblée sur défaut reproduit","CF_LECTURE positif ou erreur d'autorité reproduite","README/issue/decision selon fonction","Validité de contenu, provenance, statut courant, point d'entrée et autorité sont axes distincts."
"R-005","statut documentaire","Un document daté peut conserver sa validité scientifique ou probatoire sans représenter l'état courant; corriger le statut/routage sans réécrire rétroactivement le corps daté.","Préserver provenance et exactitude historique tout en rendant le présent récupérable.","agent","#125/#126; #127/#128","documentation","#126 merged; #128 non merged mais méthode testée","appliqué à cycles et cadre","Déclenche seulement si un marqueur ancien peut être pris pour courant et correction n'altère pas substance.","bannières/parents vivants/métadonnées","#126 8 fichiers; #127 huit contre-factuels","anciens documents clairement historiques sans risque de lecture courante","à rechercher","risque de sur-corriger et réécrire histoire si CF_SUBSTANCE ignoré","conserve corps datés et clarifie reprise","duplication de statut si multiples parents","double CF de #127","SOUTIEN_FORT_DANS_DOCUMENTATION","CONSERVER_DANS_REGIME_DOCUMENTAIRE","AUCUNE_PROMOTION; UTILISER_DOUBLE_CONTRE_FACTUEL_POUR_CORRECTIONS_FUTURES","marqueur courant reproduit comme trompeur","méthode documentaire locale","Le double CF est un garde-fou local fortement testé, pas encore nécessairement invariant transversal."
"R-006","contre-factuel documentaire","Avant une correction de statut: CF_LECTURE positif et CF_SUBSTANCE négatif sont requis.","Séparer réparation de routage d'une mutation substantielle.","agent","#127; #128","documentation de resynchronisation","issue #127 explicite; PR #128 non mergée","appliqué sur huit cas avant mutation","Seulement resynchronisation documentaire d'un état daté; ne vaut pas test scientifique général.","revue pré-mutation","8/8 cas #127","cas sans ambiguïté de lecture doivent rester silencieux","non observée à ce stade","sur-extension si appliqué comme formule universelle à toute documentation","réduit risque de réécriture rétroactive","coût léger; peut devenir bureaucratique hors régime","huit cas contrastés; A de #135 silence sur #127","SOUTIEN_LOCAL_FORT","CONSERVER_COMME_INSTRUMENT_REGIONAL; PAS_PROMOTION_TRANSVERSE","AUCUNE","future resynchronisation de statut documentée","issue/protocole documentaire, pas AGENTS racine par défaut","À relier à R-005 et au principe de moindre intervention."
"R-007","état courant et généalogie","Même objet/fonction: préférer un document courant sous nom stable; Git porte l'historique. Créer une identité distincte si fonction, preuve, comparabilité ou temporalité l'exige.","Éviter versions proliférantes tout en préservant états probatoires nécessaires.","agent","AGENTS; #124/#126; #132; #133; #135 CT1; #118; #14","documentation/transversal","principe courant partiellement actif; exceptions probatoires et exception de purge historique établies","appliqué sur documents vivants; exceptions probatoires reconnues","Par défaut documents courants; exceptions pré-enregistrement, protocole exécuté, résultat, décision, état comparatif/gelé.","Git/diffs + identité documentaire","#124/#126 documents vivants; CT1; #14 réécriture historique contrôlée pour retrait de PDF","pièces ex ante/ex post où coexistence fait partie de preuve","à rechercher versions historiques","sur-extension historique possible de P28/non-prolifération","diffs plus naturels; moins de fichiers redondants","peut perdre visibilité si état courant mal reconsolidé","CT1 #135; #61 CT2; #14 Git history volontairement réécrite","SOUTIEN_FORT_AVEC_EXCEPTIONS_MATERIELLES","CONSERVER_PRINCIPE_AVEC_EXCEPTIONS; PAS_MIGRATION_MASSIVE","CONTRE_TESTER_AVANT_TOUTE_MIGRATION_DOCUMENTAIRE","avant projet de conversion/migration de snapshots","AGENTS documentaire + Git","Git porte normalement la succession, mais n'est pas archive intangible si droit/confidentialité/sécurité/retrait de données impose une purge contrôlée."
"R-008","ancrage et checkpoints","Un chantier long doit avoir un ancrage principal récupérable; des checkpoints successifs conservent les transitions substantielles; ils ne doivent ni écraser la généalogie ni devenir l'unique moyen de connaître le courant.","Conserver état de reprise et transitions sans journal exhaustif.","agent","#61/#62 P29; #132; #133; #135 CT2/CT5; #136","méthodologique/documentaire","fonction fortement soutenue; mécanisme historique P29 plus strict que le régime courant","appliqué dans #132/#133/#135; blind tests ont révélé corps obsolètes","Checkpoint lors de changement de statut/régime/portée/soutien/contre-cas/décision/prochaine op; pas à chaque action.","issue/PR + reconsolidation d'ancrage","#61 reconstruction rétrospective; #132/#133/#135 checkpoints; #136 blind tests","tâches courtes/état trivial","sous-application: corps #130/#135 obsolètes; physique/philo stale","sur-application: série croissante de checkpoints sans reconsolidation","non-effacement + reprise","coût cumulatif de lecture","P29: issue/commentaire/checklist pour chaque étape trop procédural comme littéral courant; #136 corps d'ouverture obsolète","SOUTIEN_FORT_SUR_FONCTION; MECANISME_A_PROPORTIONNER","CONSERVER_ANCRAGE+TRANSITIONS; NE_PAS_REACTIVER_P29_LITTERALEMENT","RECONSOLIDER_SUPPORT_COURANT_APRES_MATRICE; PAS_DE_JOURNAL_EXHAUSTIF","si ancrage devient contradictoire avec état vivant ou reprise échoue","issue/PR/README local selon chantier","P29 démontre la fonction de traçabilité mais son régime initial 'chaque étape = commentaire/checklist' a été absorbé et allégé."
"R-009","représentation science vivante","Une représentation de l'état scientifique doit distinguer recherches actives, questions vivantes dormantes, veille conditionnelle, périmètres clos/suspendus, résultats qualifiés et conditions explicites de reprise; elle doit porter question, investigation, acquis, négatifs, blocages, décisions et effet attendu.","Empêcher qu'un audit de résultats efface le programme scientifique vivant.","agent+humain","#132 checkpoints 5341436865/5345935795; phase1/#130; #49/#51; #114","audit scientifique/reprise","correction explicitement ratifiée dans reprise; pas encore sédimentée en main","reconstruction des 10 cycles effectuée; états clos/suspendu/veille/réouverture éprouvés","Déclenche lorsqu'une synthèse/audit prétend représenter état réel du projet; pas nécessaire pour simple audit d'un résultat local.","matrice/carte de reprise + routes locales","#132 C1-C10; cycle1 #49/#51; neutrinos stériles #114","audit strictement local d'un résultat n'a pas à représenter tout le portefeuille","phase2 et phases 6/8 sous-appliquaient cette dimension","sur-extension si dette automatiquement promue en priorité","rétablit menu réel, blocages et conditions de reprise","risque de tableau de bord lourd/périssable","phase2 perte des recherches vivantes; #114 refuse sur-ouverture et sur-fermeture","SOUTIEN_MATERIEL_FORT_INTERREGIME","CONSERVER_COMME_EXIGENCE_DE_REPRESENTATION_D_ETAT; ETATS_PROGRAMMATIQUES_NON_TAXONOMIE_UNIVERSELLE","INSCRIRE_DANS_SUPPORT_DE_REPRISE_APPROPRIE_APRES_AUDIT; PAS_NECESSAIREMENT_AGENTS_RACINE","si un objet prétend représenter l'état scientifique global/régional","README local/AGENTS scientifique ou mécanisme d'état à décider","Une réouverture exige un déclencheur qui change réellement un pont/verdict/condition de reprise; une nouvelle publication ou hypothèse ne suffit pas."
"R-010","audit de second ordre","Réauditer non seulement les conclusions d'un audit, mais ce que ses critères pouvaient structurellement manquer et leur sensibilité au corpus transmis.","Détecter les angles morts du dispositif d'audit lui-même.","agent+humain","A3 16 juillet + micro-pilote réflexif; #132 5345960749/5345984126; #135","méthodologie d'audit","soutien fort pour réflexivité bornée sur déclencheur; réflexivité continue non ratifiée","appliqué aux phases 3-9; micro-pilote 3 objets exécuté; appliqué à #139 par passe indépendante/saturation","Déclenche lors de réutilisation d'un ancien audit après découverte d'un angle mort ou changement de corpus/régime; éviter boucle réflexive permanente.","contre-audit ciblé","micro-pilote A3: 3 objets, un passage, arrêt explicite, 'aucune correction' recevable; phases 3-9; #139","aucune anomalie/gain précis -> pas audit de l'audit; chantier réflexif A3 mis en réserve après pilote","phase4 historique trop étroite sur D1-D5","sur-extension possible en récursion infinie","préserve résultats locaux tout en requalifiant critères","coût méta élevé si sans trigger","phase8 falsifiée; A3 risque audit→audit de l'audit→audit des critères; pilote accepte sortie nulle","SOUTIEN_FORT_BORNE","CONSERVER_AVEC_TRIGGER_ET_ARRET; REFLEXIVITE_CONTINUE_REFUSEE","UNE_PASSE_FINALE_APRES_MATRICE/SYNTHESE_OU_SUR_ANOMALIE","si découverte modifie capacité de détection du protocole courant","synthèse d'audit, pas règle continue","La récursivité de contrôle est réelle mais doit rester événementielle et corriger le travail principal, non devenir chantier permanent."
"R-011","contre-audit indépendant","Un contre-audit ne doit pas seulement falsifier les conclusions retenues; il doit aussi chercher indépendamment ce qui n'a pas été retenu, tester les transmissions/réductions et inclure un contre-échantillon repo-led.","Falsifier la sélection d'entrée autant que les verdicts.","agent","#132 phase8; #118; #139","audit/méthodologie","contrainte de contre-audit global désormais éprouvée par #139","passe repo-led et archéologie négative exécutées dans #139","Déclenche pour contre-audit de synthèse/portefeuille; pas nécessaire à chaque contrôle local.","passe indépendante repo→règles/corpus","#132 perte phase1→2; #118 remontée #1→A1-A3; #139 passe indépendante AGENTS/issues/PR et contrôle négatif","contrôle local où population est fermée et connue","phase8 ancienne incapable de voir omissions hors liste","risque de coût élevé si indépendance devient relecture totale systématique sans saturation","détecte omissions structurelles","charge d'exploration historique","ancien phase8 incapable de voir omissions hors liste; #139 a découvert D1-D5/P23-P29/familles absentes des 24 lignes","SOUTIEN_FORT_PAR_FALSIFICATION_ET_APPLICATION","CONSERVER_POUR_AUDITS_DE_PORTEE_GLOBALE; PAS_POUR_CONTROLE_LOCAL_FERME","AUCUNE_A_CE_STADE; REOUVRIR_SUR_NOUVELLE_FAMILLE/CONTRADICTION","nouvelle preuve que la construction du corpus d'entrée manque une classe pertinente","méthode de #139 / synthèse exécutive","La saturation historique de découverte de familles a été positivement qualifiée dans #139; elle n'équivaut pas à lecture exhaustive de tous commentaires."
"R-012","exhaustivité documentaire","Un document du corpus auditable ne peut être tenu pour sans effet avant lecture intégrale; titre, catégorie, rang et routage ne suffisent pas à l'exclure.","Éviter que topologie documentaire et visibilité déterminent abusivement l'importance intellectuelle.","agent","#130 décision humaine; #131 merged","audit documentaire sous programme 2026-08-17/18","ratification humaine explicite + merge #131","appliqué phase1 et reprise","S'applique au corpus auditable défini; lecture exhaustive != réaudit scientifique exhaustif; réduction possible après remontée tracée.","changelog audit + manifeste","C3/C7 profondeur; C6 contrôle négatif","documents déjà lus et réduits avec trace peuvent ne pas être relus","à rechercher dans reprises ultérieures","sur-extension si transformée en obligation de relire tout le dépôt pour toute question locale","découverte de contenu profond/non saillant","coût documentaire élevé","décision humaine + cas C3/C7/C6","RATIFIEE_DANS_REGIME_AUDIT_DOCUMENTAIRE","CONSERVER_DANS_REGIME_EXACT; NE_PAS_GENERALISER_A_TOUTE_TACHE","AUCUNE; UTILISER_POUR_DEFINIR_CORPUS_DE_#139_ET_REDUCTION_APRES_LECTURE","tant qu'un objet est dans corpus auditable et non encore lu","programme/changelog d'audit","À articuler avec saturation historique demandée aujourd'hui: corpus de règles n'est pas automatiquement tout fichier du repo."
"R-013","triangulation ciblée","Partir de la cartographie existante comme point de départ non exclusif; une lacune/contradiction déclenche une triangulation proportionnée, arrêtée dès information discriminante suffisante.","Éviter relecture globale gratuite tout en autorisant retour aux sources.","agent","#130 validation humaine + addendum","audit scientifique phases 0-9 potentiellement","validation humaine explicite","appliqué phase2","Déclenche lacune/tension; nombre de recoupements sans plafond a priori mais pas de prolifération gratuite; chemin adaptable, but à préserver.","issues/fichiers/PR/commits/sources","phase2 sentinelles","aucune lacune -> cartographie suffit comme départ","phase2 a malgré cela perdu science vivante car question était plus étroite, pas nécessairement faute de triangulation locale","sur-extension si 'suffisamment instruit' sert à fermer trop tôt une question globale","efficacité locale","peut sous-détecter omissions globales si mauvaise question/corpus initial","#132 montre limite contextuelle; règle reste valide localement","SOUTIEN_LOCAL_FORT; INSUFFISANT_POUR_EXHAUSTIVITE_GLOBALE","CONSERVER_AVEC_DISTINCTION_LOCAL/GLOBAL","RESTREINDRE_EXPLICITEMENT_POUR_LES_AUDITS_DE_REPRESENTATION_GLOBALE","si objectif est exhaustivité/portefeuille, compléter par R-011/R-012","programme audits","Bonne règle locale qui devient dangereuse si portée globale implicite."
"R-014","audit antérieur et contexte","Un audit antérieur et ses preuves locales sont conservés; sa suffisance contextuelle pour un nouveau programme n'est ni validée ni invalidée automatiquement.","Éviter effacement rétroactif et autorité automatique des vieux audits.","agent+humain","#130/#131; #132; #135; #118; A1-A3","audit/méthodologie","décision humaine + merge #131","appliqué dans #132/#135 et archéologie #118/#139","Déclenche quand contexte nouvellement remonté peut toucher prémisses/exclusions/portée; réaudit ciblé seulement si matériel.","changelog + relecture ciblée","phases 3-9 #132; correction 'résultat négatif' A3; question génétique requalifiée depuis état courant","si nouveau contexte sans lien matériel -> conclusion antérieure reste locale","sous-application historique probable avant #132","sur-extension si tout audit ancien doit être refait","préserve preuves et permet recontextualisation","charge si lien matériel mal défini","#118: filiation historique établie ≠ lacune actuelle ≠ gain actuel ≠ autorisation de réouverture","SOUTIEN_FORT / RATIFIE_DANS_REGIME_AUDIT_ET_GENEALOGIE","CONSERVER","AUCUNE sauf réaudit ciblé sur dépendance démontrée","nouveau contexte modifie prémisse, exclusion, critère ou portée","programme/changelog audit","Inclut non-rétroprojection: une distinction ultérieure peut éclairer une strate antérieure sans être attribuée à son cadre d'origine."
"R-015","symétrie critique","Une conclusion positive et une critique négative supportent la même charge de preuve; rechercher surpromotion et écrasement/sous-exploitation.","Éviter biais de validation ou de démolition.","agent","#129/#130/#132; #103; #114","audit","merged #129, programme actif dans son régime","appliqué aux hypothèses symétriques et contre-audits","Tout audit qualifiant; aucun verdict par plausibilité ou absence de contreexemple.","fiche audit + contretests","#130 H1a/H1b; phase8; #103 critique NotebookLM ni adoptée ni rejetée par provenance; #114 sur-ouverture/sur-fermeture stériles","n/a","phase6 a néanmoins manqué sous-exploitation par réduction du corpus","peut devenir symétrie formelle sans indépendance de sélection","protège acquis et limites","coût faible si bien borné","#103 deux erreurs symétriques adoption/rejet automatique; #114 anomalie≠ouverture, exclusion locale≠fermeture de classe","RATIFIEE_DANS_PROGRAMME; TRANSPORT_INTERREGIME_SOUTENU","CONSERVER; COMPLETER_PAR_CONTRE_ECHANTILLON_INDEPENDANT","APPLIQUER_UN_CONTRE_ECHANTILLON_INDEPENDANT_DANS_LES_AUDITS_DE_PORTEE_GLOBALE","avant clôture de tout audit de portée globale","programme audits","La symétrie porte sur charge de preuve et erreurs de programme, pas sur identité des inférences positives/négatives."
"R-016","effet sur dépendance","L'état d'un audit et son effet sur un autre chantier sont axes indépendants; QUALIFIE/SUSPENDU ne vaut pas automatiquement BLOQUANT ou NON_BLOQUANT.","Empêcher propagation automatique d'un statut entre chantiers.","agent+humain","#129; C7-C1/C7-GAL; #49/#50/#52/#58; #114","audit/transversal","merged #129","appliqué dans phases et routes C7","Déclarer effet seulement après tester la dépendance; défaut = NON_ETABLI.","statuts explicites + revue","#130 dettes; C7 séparation; m_e cycle1→Saveur-Higgs; #114 veille conditionnelle sans mutation N1-N5","chantiers réellement indépendants -> aucun transfert","à rechercher","sur-extension si on exige typage d'effet sans dépendance testée","limite propagations abusives","peut alourdir statuts si relation triviale","transfert m_e positif sous conditions; #114 absence de déclencheur de réouverture","SOUTIEN_FORT_INTERCHANTIERS","CONSERVER","AUCUNE","quand une conclusion d'un objet est utilisée pour décider un autre","programme audits / règles de passage","R-036 spécialisera le passage inter-domaines: tester dépendance ne suffit pas, la question doit être réinstruite dans les discriminants du domaine d'accueil."
"R-017","non-prolifération par fonction","Ne pas créer ou refuser un artefact par principe ou par nombre brut; comparer fonction distincte, support existant, gain de conservation/contrôle/traçabilité et coût de maintenance.","Éviter plomberie documentaire tout en permettant les objets réellement nécessaires.","agent","#27/#28 P28 + amendement; #124; #132; #133; #135 CT5; #134; #138","méthodologie/documentation/outillage","fonction générale de proportionnalité soutenue; P28 strictement borné aux artefacts durables de gouvernement","exploration temporaire permise; promotion durable soumise à fonction/gain/coût; appliqué README local, captures et tooling","Déclenche décision de créer/promouvoir une couche/support. L'exploration peut créer temporairement; la promotion durable exige fonction distincte, solution légère insuffisante, gain discriminant, réduction nette de maintenance et autorité correspondante.","revue fonctionnelle + Git/README/issue existants","P28 cinq artefacts de gouvernement non créés; #124 README local créé car fonction manquante; #138 témoin de promotion prématurée","cas où support existant suffit","veto trop dur à la création exploratoire peut empêcher de rendre un besoin observable","généraliser P28 à tout document/couche ou prendre le nombre brut comme critère","réduit duplication et protège fonctions","nécessite jugement contextuel","#27/#28 amendement; CT5; #117; #138","SOUTIEN_FORT_AVEC_PORTEE_P28_RECONSTRUITE","CONSERVER_TEST_DE_FONCTION; P28_NON_GENERALISABLE_A_TOUTE_CREATION","AUCUNE_ARCHEOLOGIE_GENERALE_RESTANTE; APPLIQUER_PROPORTIONNELLEMENT","lorsqu'une nouvelle couche/support est envisagé","méthode/outil existant","Formule active historique: l'exploration peut créer; seule la ratification autorise à conserver durablement et à faire autorité."
"R-018","capture hors périmètre","Une idée hors périmètre avec valeur de reprise et risque de perte doit être rendue récupérable dans le support existant le plus léger; création distincte seulement si fonction exige identité propre.","Préserver possibilités sans ouvrir automatiquement de nouveaux chantiers.","agent","#132; #133; #135 CT5/P28","méthodologie","candidate testée; promotion générale non établie","appliquée #134 et captures P28","Déclenche valeur de reprise identifiable + risque de perte; résolution non bloquante sauf dépendance du chantier courant.","commentaire/pointeur/issue conditionnelle","#134 ancrage utile; P28 capture sans création de 5 artefacts","pensée latérale sans valeur de reprise","à rechercher","sur-extension si chaque idée devient issue/document ou si capture devient blocage systématique","évite pertes","bruit administratif si seuil trop bas","P28 = contrôle négatif de matérialisation","SOUTIEN_FORT_POUR_CAPTURE_LEGERE; SUPPORT_DEPENDANT_CONTEXTE","CONSERVER_EN_SHADOW/PRATIQUE_LEGERE; PAS_OBLIGATION_D_OBJET","AUCUNE; OBSERVER_DANS_EXPERIENCE_EMPIRIQUE_CONVERSATIONNELLE","nouvelle idée pertinente hors périmètre réel","support existant le plus léger","Ne pas confondre capture et priorité."
"R-019","interventions humaines typées","Quand cela change l'action, distinguer observation, hypothèse, proposition, préférence, décision et autorisation; une proposition n'est pas automatiquement un ordre.","Préserver jugement intellectuel de l'agent sans neutraliser décisions explicites.","agent+humain","A3; #132/#133/#135; expérience conversationnelle 19-21 août","interaction/gouvernance","pratique de travail soutenue par antécédents explicites et corrections réelles","appliqué dans reprise actuelle","Déclenche seulement si fonction de l'intervention change l'action; décision/autorisation explicite s'applique dans son périmètre.","interprétation contextuelle + trace décisionnelle","A3 suggestions/validations/décisions distinctes; reprises 19-21 août","énoncés purement descriptifs sans effet sur action","agents ont parfois transformé proposition/suggestion en ordre ou ont demandé confirmation malgré autorisation","sur-extension possible si agent requalifie abusivement une décision en 'proposition'","évite exécution mécanique et déresponsabilisation","risque de contestation artificielle d'une instruction claire","A3 test retrait=heuristique non ordre; décisions de propagation/exécution séparées","SOUTIEN_FORT_AVEC_GENEALOGIE_ETABLIE","CONSERVER_COMME_REGLE_D_INTERACTION_BORNEE","AUCUNE_PROMOTION_AVANT_DECISION_POST_MATRICE","si ambiguïté fonctionnelle d'une intervention apparaît","noyau interaction agent/humain","Distinguer aussi ratification humaine réelle d'une simple apparition sous le compte GitHub auteur; traité par R-033."
"R-020","autorité technique distribuée","L'autorité opérationnelle dépend de la nature de l'acte, observabilité, réversibilité, coût d'erreur et portée; autonomie agentique plus forte pour actes techniques locaux observables réversibles, frontières scientifiques et irréversibles humaines.","Réduire validation humaine inutile sans déléguer jugement scientifique.","agent+humain","#38-#40 délégation α3-α5; #102; #105-#108; #117; #135 décision 20 août","gouvernance","délégations locales historiques + décision humaine explicite récente; régime borné","autonomie technique locale pratiquée; délégation scientifique seulement lorsque portée explicitement bornée","Actes techniques locaux observables/réversibles avec rollback; frontières modèle/données/prior/paramétrisation scientifique/posterior/seuil d'évidence/interprétation, portée transverse, ressources rares et gouvernance durable restent distinctes. Une contrainte technique qui change ces objets devient amendement scientifique.","tests/rollback + escalade","#38-#40 clôtures locales sous délégation; #102 portes computationnelles; #105 prototypes; #117 suppression renvoyée à humain","propagation/fusion après α3-α5 non déléguées; modifications scientifiques C7 non couvertes","validations humaines historiques probablement parfois sur-appliquées","sur-extension agentique reste risque majeur","allège charge décisionnelle technique","classification de frontière parfois non triviale","#38-#40 même contrat borné trois fois; #117 franchissement de nature d'acte; #102 technique→scientifique","SOUTIEN_FORT_DANS_REGIME_BORNE","CONSERVER; DISTINGUER_QUI_PEUT_AGIR_DE_CE_QUE_LA_DECISION_AUTORISE","OBSERVER_PROSPECTIVEMENT; PAS_D_AUTONOMIE_GENERALE_DE_MERGE","acte technique réel éligible ou mutation main technique/documentaire très bornée","gouvernance / future infrastructure","R-034 portera la portée exacte de chaque décision; R-020 porte la distribution d'autorité par nature d'acte."
"R-021","intégrité après erreur d'écriture","Après erreur 5xx ou état ambigu d'une mutation, l'état de l'écriture est inconnu jusqu'à relecture; incident signalé, read-back requis, mutations suspendues si état contradictoire/non lisible.","Éviter corruption silencieuse et fausse certitude sur persistance.","agent","#131 changelog; incidents #131/#132","technique/GitHub","merged #131 dans programme d'audit; portée générale à reconstruire","appliqué lors incidents 502 et __invalid__","Déclenche erreur de service/API/persistance pouvant affecter état; ne pas inventer cause racine; incident peut être reclassé après opérations représentatives sans récidive.","signalement + fetch/read-back + suspension","502 #131; __invalid__ #132","erreur sans potentiel de mutation d'état peut nécessiter moins","à rechercher","sur-extension si toute erreur mineure bloque trop longtemps","préserve intégrité et provenance","interruption de flux","incidents réels avec rétablissement relu","SOUTIEN_FORT_DANS_REGIME_MUTATION","CONSERVER; POTENTIELLEMENT_PORTABLE_PAR_OUTILLAGE","ENVISAGER_AUTOMATISATION_READ_BACK_APRES_MATRICE_OUTILS","erreur d'écriture/persistance ou réponse ambiguë","outil/connecteur/Git wrapper possible","Conserver incident même si contournement réussit."
"R-022","CI ciblée par pertinence","Les contrôles coûteux/spécifiques peuvent être routés par pertinence de changement, tandis que les contrôles globaux restent globaux; le routage doit être qualifié positivement et négativement.","Réduire coût CI sans perdre couverture utile.","machine+agent","#121/#122/#123","CI local","merged et testé","effectif sur workflow actuel","Spécifique au test C2 et potentiellement pattern d'outillage; route false observée naturellement #123.","GitHub Actions concurrency + changed-file predicate","#122 true; #123 false end-to-end","PR hors C2 = silence/skip attendu","n/a","sur-extension si changements indirects pertinents non couverts par liste","réduit dépendances/temps inutiles","risque faux négatif du routeur","fixture pos/nég + end-to-end true/false naturel","TECHNIQUEMENT_QUALIFIE_DANS_REGIME_C2","CONSERVER_LOCAL; GENERALISATION_NON_NECESSAIRE","AUCUNE","si CI C2 ou chemins dépendants changent, réévaluer prédicat","workflow audit-corpus.yml","Exemple utile de mécanisme portant une règle mieux qu'une instruction prose."
"R-023","activité != qualification","Une ligne de recherche active ou un chantier opérationnel ne vaut pas résultat scientifique qualifié ni autorisation de franchir la prochaine porte.","Séparer programme vivant, permission et verdict.","agent+humain","#119/#120; #130/#132; #49/#51; #114","science/computation","fortement établi","appliqué C7 et portefeuille vivant","Toujours lors routage de recherche; aucune inférence scientifique depuis activité seule.","issues actives + statuts explicites","C7-C1/C7-GAL actives mais bloquées; cycle1 clos localement/suspendu; #114 veille sans programme actif","cycle clos/dormant ou veille conditionnelle ne vaut pas activité scientifique active","sous-application dans phase2 comme représentation globale, mais pas dans contrôle local","sur-extension rare","évite faux progrès et consommation non autorisée","néant notable","#114 veille conditionnelle ≠ programme; #49/#51 transfert/clôture ≠ ouverture automatique","SOUTIEN_FORT_INTERREGIME","CONSERVER","AUCUNE","si nouvel état de portefeuille/routage","science README/issue","À relier à R-009: l'une décrit le portefeuille; l'autre protège le rang activité/permission/qualification."
"R-024","outil par fonction","Un outil existant ou candidat n'est ni généralisé ni documenté parce qu'il existe ou a servi une fois; sa réutilisation exige usage répétable, périmètre compréhensible et gain supérieur au coût de doc/maintenance/apprentissage; publication = décision distincte.","Éviter prolifération d'outillage et faux standard de laboratoire.","agent+humain","#132 cadrage outils; #134/#136","outillage","candidat/cadrage, non promotion globale","utilisé comme règle de tri dans discussions tooling","Déclenche sélection/migration/publication d'outil; profils non taxonomie fermée.","comparaison fonctionnelle + prototypes","append tool, C2 routing, ADR/Vale évaluations","outil local one-shot sans besoin réutilisable","à rechercher","sur-extension si tout outil doit passer dossier lourd","choix proportionné et fonction-first","coût d'évaluation","#136 ADR/Vale/Log4brains/RO-Crate; #134","SOUTIEN_METHODOLOGIQUE_MODERE_A_FORT; OUTILLAGE_A_VENIR","CONSERVER_COMME_CRITERE_DE_SELECTION, PAS_INSTALLATION","APPLIQUER_APRES_MATRICE_ET_SYNTHESE, COMME_DEJA_DECIDE","après fonctions mécanisables établies","#136 / future cartographie outils","Cette règle gouverne la phase d'outillage après l'audit actuel."
"R-025","constance et stabilisation","Ne pas identifier constance de la cible, stabilisation d'un accès/estimateur/régime et maintien produit par un mécanisme; qualifier lequel est affirmé.","Empêcher qu'un processus de stabilisation ou une robustesse d'accès soit requalifié en constance physique de l'objet.","agent+humain","D1; P24/P25; cadre canonique; PR #6/#7/#16/#17; #104","science/conceptuel transversal","D1 validé et appliqué sur cas sentinelles; distinction canonique active","appliqué QCD, neutrinos, SI, EFT, cycle10","Déclenche dès qu'un maintien/stabilité/robustesse est utilisé pour parler de constance; silence si le vocabulaire disciplinaire distingue déjà clairement les niveaux.","qualification explicite du porteur et du type de maintien","D1 matrice sentinelle; H0 non constante nomologique; neutrino domaine admissible; cycle10 dynamique","cas où 'constant' a un sens disciplinaire univoque et borné","glissements historiques entre accès stable et objet constant","sur-extension si toute stabilité locale est forcée dans la taxonomie du projet","évite faux statuts transverses; garde le mécanisme indigène","charge terminologique si appliqué sans enjeu","D1 sorties différentes selon domaines; P24 déclasse 'fixité qualifiée' mais conserve stabilisation restreinte","SOUTIEN_FORT_CANONIQUE_ET_SENTINELLE","CONSERVER_COMME_UNITE_SCIENTIFIQUE_ACTIVE","AUCUNE_PROMOTION_AVANT_SYNTHESE; UTILISER_DANS_QUALIFICATION","énoncé de constance/stabilité susceptible de changer le verdict","cadre scientifique/AGENTS local éventuel après décision","Distinct de R-026: on peut indexer correctement un énoncé tout en confondant encore constance et stabilisation."
"R-026","énoncé indexé de constance","Une attribution de constance/stabilisation doit être indexée au minimum par cible, transformation pertinente, régime/domaine, échelle-schéma-modèle lorsque pertinent, tolérance et condition de rupture/refus.","Rendre falsifiable et bornée toute attribution de maintien.","agent+humain","D2; P25; P27; Note_synthese_methodologique_v1_8; cadre canonique; #104","science/transversal","D2 validé; P25/P27 ratifiés","appliqué aux dossiers alpha, QCD, neutrinos, SI et audits de portée","Déclenche quand une proposition affirme qu'une grandeur tient/varie/ne varie pas; adapter les coordonnées au domaine, ne pas imposer des champs sans sens physique.","fiche/matrice de qualification + condition de rupture","alpha α3–α5; QCD T1; D1-D4 sentinelles","propriété directement définie par un régime disciplinaire où certaines coordonnées sont implicites et non ambiguës","anciens verdicts globaux non indexés","formalisme vide si les coordonnées sont remplies mécaniquement sans discriminant","borne portée et rend les désaccords testables","coût faible à modéré; risque de formulaire universel","P27 non-détection; D4 accepte non pertinente; #105-#107 montrent qu'un contrôle doit être indexé à son régime réel","SOUTIEN_FORT_CANONIQUE","CONSERVER_COMME_UNITE_ACTIVE; PAS_FORMULAIRE_UNIVERSEL","AUCUNE","nouvelle attribution de constance/variation ou changement de régime","cadre/fiche scientifique","Absorbe le candidat séparé 'qualification située dans le régime'; R-003 contrôle ensuite si l'instrument exerce réellement la propriété indexée."
"R-027","cible accès constitution","Ne pas confondre ce qui est qualifié, les voies par lesquelles on y accède et les mécanismes/architectures qui le constituent; les trois peuvent se contraindre et se reformuler mutuellement sans ordre universel.","Empêcher qu'une propriété de l'accès ou une histoire constitutive soit attribuée directement à l'objet, tout en conservant leurs rétroactions réelles.","agent+humain","Decision_statuts_constance_acces_constitution_v0_1; PR #6/#7/#8; D1-D4; #118/A1-A3; #104","science/conceptuel transversal","décision canonique active; transport sentinelle","appliqué cycles 1,3,5,10 et philosophie réinstruite","Déclenche quand objet, mesure/reconstruction ou mécanisme explicatif sont reliés; ordre local selon terrain. Silence si une seule couche est en jeu.","séparation explicite des trois axes + réinstruction quand l'un redéfinit l'autre","m_e/y_e/v; neutrinos; cycle10; QCD","problème strictement métrologique ou calcul direct sans question constitutive","accès historiquement traité comme centre ou simple terminal; constitution parfois sur-promue","sur-extension si on impose toujours les trois passes dans le même ordre","clarifie ce qu'un résultat change réellement","complexité si appliqué comme ontologie générale","#118: accès comme centre retiré; ordre local/non universel; #104 ablation distingue cette fonction de typage des chemins","SOUTIEN_FORT_CANONIQUE_ET_ABLATION","CONSERVER_COMME_UNITE_ACTIVE_NON_LINEAIRE","AUCUNE","lien entre objet, accès et constitution matériel au verdict","cadre scientifique","Récursivité scientifique distincte de R-010: une difficulté d'accès peut redéfinir la cible; un mécanisme constitutif peut révéler la transformation pertinente."
"R-028","dimensions de l'enquête et portée","Explorer formation, constitution, accès, histoire, mécanisme ou comparaison n'autorise pas à étendre la portée de l'énoncé au-delà de ce que les preuves soutiennent.","Empêcher qu'une dimension riche de l'enquête soit transformée en thèse scientifique, ontologique ou programmatique plus large.","agent+humain","D3; PR #16/#17; cadre canonique; #118; A1-A3","science/épistémologie","D3 validé et éprouvé sur sentinelles","appliqué dans dossiers scientifiques et requalifications philosophiques","Déclenche lorsque la méthode d'enquête est utilisée pour formuler une conclusion; préciser portée scientifique/épistémique/interprétative. Silence si aucune extrapolation.","marquage de portée + verdict borné","cycle10 dynamique ≠ explication; question génétique non rouverte; QCD reproduction aval ≠ audit amont","exploration locale sans conclusion générale","surinterprétations historiques de stabilisation/formation","peut être sur-appliqué en affaiblissant toute interprétation légitime","protège contre inflation de thèse","nécessite jugement sur niveaux de portée","#118 définissabilité absorbée localement; cycle10 trajectoire ajustée ≠ attracteur/explication","SOUTIEN_FORT","CONSERVER_COMME_UNITE_DISTINCTE","AUCUNE","passage d'une opération d'enquête à une conclusion plus générale","cadre/synthèses","Distinct de R-031: R-028 borne la portée de l'énoncé; R-031 distingue les rangs probatoires qui le soutiennent."
"R-029","typage des chemins et dépendances","Lorsque cela change l'argument, typer le chemin qui produit ou relie une conclusion: physique, inférentiel, computationnel, représentationnel, historique/de réalisation, documentaire ou autre catégorie disciplinaire justifiée.","Rendre visibles les dépendances et non-indépendances qui changent comparabilité, causalité ou portée.","agent","D4; matrice sentinelle D1-D5; #104 invariants/ablation; QCD T1; neutrinos; SI; EFT; cycle10","science/transversal","D4 validé; pouvoir de silence explicitement testé","appliqué sur familles hétérogènes","Déclenche seulement si le type de chemin modifie argument/indépendance/verdict; sorties recevables: pertinente, non pertinente, non établie.","matrice de dépendances/chaînes; provenance fonctionnelle","QCD représentation/raccordement; neutrinos inférentiel/computationnel; SI historique; cycle10 physique","cas où le chemin n'affecte pas l'argument -> non pertinente","chemins parfois masqués dans synthèses","sur-extension si toute relation doit recevoir un type interne","évite fausses indépendances et causalités","coût de cartographie","#104 ablation: retirer D4 fait perdre une fonction distincte de cible/accès/constitution","SOUTIEN_FORT_PAR_SENTINELLES_ET_ABLATION","CONSERVER_COMME_UNITE_ACTIVE_BORNEE","AUCUNE","dépendance/route susceptible de changer comparabilité ou portée","fiches/matrices scientifiques","Les catégories ne sont pas une ontologie fermée; vocabulaire disciplinaire prioritaire."
"R-030","vocabulaire disciplinaire prioritaire","Décrire d'abord le phénomène et les relations dans le vocabulaire du domaine; n'introduire un terme transversal du projet que s'il ajoute un gain discriminant et ne remplace pas abusivement la notion disciplinaire.","Éviter redescription interne, faux concepts transverses et circularité explicative.","agent+humain","P24/P26; Note_synthese_methodologique_v1_8; #104; PR #10/#11/#16/#17","science/conceptuel","P26 ratifié; usages disciplinaires préservés après abandon de 'constante effective' comme classe propre","appliqué alpha, QCD, SI, neutrinos, cycle10","Déclenche à l'introduction d'un vocabulaire transverse; silence si terme interne n'ajoute aucune fonction. Les termes disciplinaires restent restitués fidèlement.","revue terminologique + test d'ablation conceptuel","abandon 'fixité qualifiée'; retrait 'fixité dynamique' générale; stabilisation restreinte","notation locale technique utile et définie","périodes où vocabulaire du projet préstructurait les cas","risque inverse de perdre une comparaison transverse réellement utile","réduit naïveté/redescription","demande compétence disciplinaire","P24 triage 3 sorties; P26 constante effective abandonnée comme classe transverse","SOUTIEN_FORT_HISTORIQUE","CONSERVER_COMME_REGLE_DE_LANGAGE_SCIENTIFIQUE","AUCUNE","terme du projet utilisé pour qualifier un cas disciplinaire","cadre/glossaire/AGENTS scientifique éventuel","Distinct de R-039 Human-First: ici la question est l'adéquation scientifique du vocabulaire, pas seulement la charge cognitive."
"R-031","résultat soutien verdict","Conserver séparés le résultat/constat obtenu, le soutien probatoire qu'il apporte sous ses conditions et le verdict scientifique autorisé; une interprétation ou décision programmatique est encore un rang distinct.","Empêcher qu'un nombre, une reproduction, une borne ou une concordance soit automatiquement promu en verdict.","agent+humain","P27; #18 QCD-T1; #35 alpha; #56 Saveur-Higgs; #102 C7; #104 invariants; AGENTS","science/épistémique","fonction active et répétée dans dossiers ratifiés","fortement appliqué","Déclenche à toute synthèse de résultat ou transfert entre niveaux probatoires; silence si un seul niveau est explicitement revendiqué.","sections résultat/soutien/verdict + marquages admis/refusé/suspendu","QCD reproduction aval; alpha non-détections; M2a-N stratégie non productive","mesure brute sans prétention de verdict","anciens glissements résultat machine→science ou borne→invariance","sur-formalisation si chaque phrase reçoit un statut","clarifie ce qui est acquis et ce qui reste ouvert","coût rédactionnel modéré","#104 ablation distincte de conservation des négatifs; #18 'absence d'incompatibilité établie' ≠ preuve de compatibilité","SOUTIEN_FORT_TRANSVERSE_SCIENTIFIQUE","CONSERVER_COMME_UNITE_CENTRALE","AUCUNE","résultat utilisé pour soutenir une conclusion ou décision","dossiers/synthèses scientifiques","R-001 est une spécialisation machine→science; R-031 vaut aussi pour résultats empiriques, historiques et analytiques."
"R-032","non-détection discriminante","Une absence de variation ou de signal ne soutient un maintien que si le dispositif avait une puissance réelle sur une famille déclarée d'alternatives; une borne sur une valeur n'est pas une borne sur sa variation.","Empêcher l'inférence 'rien vu donc invariant' et qualifier positivement les non-détections réellement informatives.","agent+humain","P27 + amendement; alpha α4/α5 #39/#40; #35; #104","science/probatoire","P27 ratifié; applications scientifiques validées","appliqué alpha temporel/spatial et contrôles de portée","Déclenche pour non-détection/compatibilité avec zéro/exclusion; exiger cible, famille testée, nuisances/systématiques, domaine, tolérance/pouvoir et rupture. Silence si aucune conclusion de maintien.","analyse de sensibilité/pouvoir + alternatives déclarées","α4 dérive/modulation; α5 ESPRESSO locale; tests sentinelles","absence de donnée ou test non sensible = aucune inférence","risque historique de transformer borne locale en invariance universelle","sur-extension si une non-détection locale est généralisée hors famille testée","donne un statut positif aux vrais résultats négatifs","nécessite caractérisation de puissance parfois coûteuse","P27; α4 refuse invariance universelle; α5 refuse généralisation ciel entier","SOUTIEN_FORT_ET_RATIFIE","CONSERVER_COMME_UNITE_SCIENTIFIQUE_SPECIFIQUE","AUCUNE","résultat nul/non-détection utilisé pour soutenir constance ou exclusion","dossier scientifique","Spécialise R-026 et R-031; les exigences de preuve peuvent être symétriques sans rendre symétriques les inférences."
"R-033","provenance garantie autorité","Établir séparément provenance d'une formulation, garantie scientifique de son contenu, autorité normative et ratification humaine effective; aucune ne se déduit automatiquement des autres.","Empêcher qu'une archive, un compte auteur, un ancien statut ou une source externe soit pris comme validation scientifique ou décision humaine.","agent+humain","P23; #118; 92_ARCHIVES_CONVERSATIONNELLES; #103; #133/#135; incident agent écrivant sous compte AkselBoursier","méthodologie/provenance/gouvernance","P23 ratifié; problème d'authorship agentique explicitement établi dans #135","appliqué archives, critiques externes, décisions GitHub","Déclenche quand une source est invoquée pour établir contenu, autorité ou ratification; retour aux preuves nécessaires seulement si l'effet de décision l'exige.","provenance explicite + vérification scientifique distincte + trace de l'intervention humaine","archives conversations; #103 NotebookLM; décisions GitHub; #118 filiation note génétique","source purement informative sans effet de décision","risque de prendre commentaire sous compte auteur comme ratification humaine","sur-extension si toute provenance exige une archéologie complète","protège autorité et attribution","coût de vérification sur décisions à forte autorité","P23 conversation=provenance possible jamais garantie; #103 autorité scientifique aucune; #118 apparition≠activation","SOUTIEN_FORT","CONSERVER_COMME_UNITE_PROPRE","AUCUNE","provenance utilisée pour valider contenu/portée/ratification","règles de provenance/AGENTS après décision","Complète R-004/R-005: celles-ci portent routage et statut courant; R-033 porte ce que la provenance prouve ou ne prouve pas."
"R-034","portée exacte des décisions et autorisations","Une décision, ratification, clôture, qualification ou fusion n'autorise que la nature d'acte, l'objet et la portée explicitement couverts; passer à un autre type d'acte exige l'autorisation correspondante.","Empêcher la transitivité implicite des portes et la conversion d'une proposition/qualification en mutation, propagation ou exécution.","agent+humain","#38-#40; #43; #55; #74; #90/#93; #100; #117; A3; #139","gouvernance/transversal","forte convergence inter-régimes; délégations/ratifications locales explicites","appliqué science, computation, documentation","Déclenche à toute transition d'acte: proposer→décider, qualifier→exécuter, clôturer→propager, déclassement→supprimer, CI/merge→autorité. Silence si la décision couvre explicitement la transition.","lecture de la portée + garde/étape séparée + escalade si changement de nature","α3-α5 clôture sans propagation; G2.2 merge sans inférence; #117 suppression prématurée; #90 mesure sans MCMC","enchaînement technique explicitement inclus dans une même autorisation bornée","#117 contre-cas matériel; agents demandant ou inférant trop/pas assez","sur-segmentation si chaque micro-acte exige décision distincte malgré portée déjà explicite","évite franchissements silencieux","coût de clarification aux frontières","#117; #74; #38-40; #43/#55","SOUTIEN_FORT_INTERREGIME","CONSERVER_COMME_UNITE_AUTONOME","AUCUNE","nature d'acte change ou portée de l'autorisation est ambiguë","gouvernance/portes/AGENTS après décision","Distinct de R-020: R-020 répond 'qui peut agir dans quel régime'; R-034 répond 'qu'est-ce que cette décision précise autorise'."
"R-035","déclassement et mutation destructive","Un diagnostic de redondance, d'obsolescence ou de déclassement n'autorise pas une suppression/déplacement; avant mutation destructive vérifier contenu unique, dépendances, fonction scientifique/probatoire, alternatives de provenance et autorisation exacte.","Éviter perte irréversible ou déclassement d'une pièce encore fonctionnelle.","agent+humain","#104 audit index; PR #117; AGENTS courant; #14 exception de purge contrôlée","documentation/Git","#117 fournit contre-cas causal; règle actuelle explicitement présente dans AGENTS","appliqué après incident, avec refus de merge #117","Déclenche delete/move/declassify ou purge historique; peut être plus léger pour artefact purement généré/recréable et sans dépendance.","pré-vol sémantique + recherche dépendances + PR réversible + autorisation","#117 fermé sans merge; #14 purge historique avec raison indépendante et mapping SHA","mise à jour non destructive d'un document courant","#117 diagnostic transformé trop tôt en suppression","sur-application si tout nettoyage trivial exige audit scientifique complet","préserve contenu unique et preuve","coût de dépendance avant nettoyage","#117; #14","SOUTIEN_FORT_PAR_INCIDENT_REEL","CONSERVER_COMME_UNITE_DE_MUTATION_DESTRUCTIVE","AUCUNE","mutation destructive envisagée","AGENTS/Git workflow après décision","R-038 porte le confinement versionné de toute mutation; R-035 ajoute le test sémantique propre aux actes destructifs."
"R-036","passage inter-domaines et réinstruction","Une question, dette ou conclusion qui passe vers un autre domaine doit être réinstruite dans les objets, accès, discriminants et contraintes du domaine d'accueil; aucun verdict ne se propage automatiquement.","Permettre transferts féconds sans copier catégories, dettes ou conclusions hors de leur régime.","agent+humain","#49/#50/#52/#58 m_e cycle1→Saveur-Higgs; #104; programme audits; philosophie→science dans #118","science/transversal","cas m_e validé; principe de non-propagation actif","appliqué à transfert de dette et réinstruction inter-domaines","Déclenche quand résidu/question change de domaine. Conditions minimales: n'affecte plus le verdict d'origine, accueil apporte route/discriminant distinct, question reformulée, provenance+réouverture conservées, transfert n'ouvre pas automatiquement un programme.","fiche de transfert/réinstruction + test de dépendance","m_e→Saveur-Higgs; passages philosophie→science avec retour au dossier physique","simple référence informative inter-domaines sans effet de verdict","copie de dette ou vocabulaire d'un domaine vers l'autre","sur-extension si toute analogie impose dossier de réinstruction","favorise vrais raccords sans contamination","coût de reprise dans domaine compétent","#104 test strict du transfert m_e; #114 extension stérile change modèle au lieu de corriger silencieusement N3","SOUTIEN_FORT_AVEC_CAS_POSITIF","CONSERVER_COMME_SPECIALISATION_TRANSVERSE","AUCUNE","question/conclusion utilisée hors domaine d'origine","règles de passage / dossiers scientifiques","Spécialise R-016: dépendance testée est nécessaire mais pas suffisante pour un transfert scientifique."
"R-037","conservation des négatifs refus suspensions","Conserver les résultats négatifs, refus, suspensions, limites et stratégies non productives à leur rang exact afin d'éviter répétition et réinterprétation ultérieure; un négatif méthodologique ne devient pas verdict sur l'objet.","Préserver l'information acquise par échec/absence/refus sans la surpromouvoir.","agent+humain","#18 QCD-T1; #35 alpha; #102 M2a-N; #104 invariants; #132 science vivante","science/probatoire","répété dans dossiers ratifiés; invariant #104 résiste à ablation","fortement appliqué","Déclenche dès qu'une voie, hypothèse, stratégie ou généralisation reçoit un refus/limite ayant valeur de reprise; silence pour incident sans valeur discriminante.","registre admis/refusé/suspendu + provenance du test","M2a-N ~120h stratégie non productive; QCD T1 suspensions; alpha refuss; cycle10 contrôles négatifs","erreur triviale corrigée sans implication pour la reprise","pertes historiques quand synthèses ne remontaient que résultats porteurs","sur-extension si tout échec technique devient dette scientifique","évite répétition et garde le rang probatoire","accumulation de négatifs si non consolidés","#104 ablation distincte de résultat/soutien/verdict; M2a-N n'est pas preuve contre X(z)","SOUTIEN_FORT_PAR_APPLICATION_ET_ABLATION","CONSERVER_COMME_UNITE_PROPRE","AUCUNE","négatif/refus/suspension modifie choix futur ou borne une prétention","dossiers scientifiques / état vivant","Distinct de R-009 (représentation du portefeuille) et R-031 (rang logique du résultat)."
"R-038","mutation versionnée confinée","Une mutation substantielle doit être effectuée dans un espace versionné et réversible avec cible/fonction explicites, état/SHA relu, action de bonne classe, absence de diff vide/no-op et contrôle terminal; CI verte n'autorise pas le merge.","Rendre les changements auditables et réversibles sans confondre intégrité technique et autorité scientifique.","agent+humain+machine","AGENTS; PR #105-#108; #117; #121-#124; #131; #138/#139; incident 409 #139","Git/gouvernance","plusieurs règles actuellement actives; fonction fortement éprouvée","branches/PR/SHAs utilisés systématiquement; protections ont empêché mutations erronées","Déclenche mutation substantielle du dépôt; exception pour lecture et opérations non mutantes. Merge reste décision distincte.","branche/worktree + PR bornée + SHA/read-back + diff/CI + contrôle terminal","#105-#108 prototypes/promotion; #117 confinement d'une erreur; #139 SHA invalide → 409 sans mutation","analyse/lecture seule","sous-application agentique: appels update_file répétés avant relecture dans #139","sur-application si toute micro-correction exige nouvelle PR parallèle","limite corruption et garde historique","coût opérationnel si fragmentation","#117; 409 #139; #121/#122 CI ≠ science/merge","SOUTIEN_FORT_COMME_MECANISME","CONSERVER_COMME_UNITE_D_ENFORCEMENT; MECANISER_PARTIELLEMENT","APPLIQUER_A_TOUTE_MUTATION_DU_CHANTIER; EVALUER_OUTILLAGE_APRES_SYNTHESE","mutation substantielle ou erreur d'écriture","Git/connector/workflow","R-021 couvre l'état ambigu après erreur; R-038 couvre le pré-vol et le confinement avant/pendant mutation."
"R-039","intelligibilité sémantique Human-First","Pour les surfaces de reprise et de décision, le nom ou la formulation sémantique humaine doit porter le sens; les codes/IDs restent secondaires et récupérables. La compacité locale est permise lorsqu'elle réduit réellement la charge.","Réduire le coût cognitif de reprise sans supprimer précision ni traçabilité machine.","agent+humain","#104 E0; PR #116/#133/#137; A1/A3; Human-First tests; AGENTS expérimentaux #138 comme témoin non normatif","interface documentaire/agentique","noyau borné fortement soutenu; généralisation continue non nécessaire","tests d'accueil et reprises montrent gain/limites; mémoire du compte a confondu #137","Déclenche point d'entrée, synthèse, décision ou instruction destinée à un lecteur/agent nouveau; codes compacts permis dans contexte local avec référent récupérable.","noms sémantiques + code secondaire + point d'entrée courant","#116 accueil; #133 tests in-vivo; A3 formulations naturelles; #137 blind test confondu","scripts/fixtures où identifiants compacts sont fonctionnels","surfaces historiques opaques Pxx/portes/statuts composés; reprises aveugles","sur-extension si on interdit les notations compactes utiles ou réécrit tout l'historique","meilleure auditabilité sémantique","peut allonger prose si mal appliqué","#137 test favorable confondu par mémoire; #104 fonction plutôt que volume de prose","SOUTIEN_FORT_BORNE; TEST_BLIND_PARTIELLEMENT_CONFONDU","CONSERVER_COMME_PRINCIPE_D_INTERFACE; PAS_REECRITURE_MASSIVE","TESTER_DANS_SYNTHESE/PROTO_2D_AVANT_TOUTE_PROMOTION_DURABLE","nouvelle surface de reprise ou échec de compréhension reproduit","README/AGENTS/issue selon fonction","Distinct de R-030: Human-First traite l'intelligibilité et le routage cognitif; R-030 traite la fidélité au vocabulaire scientifique du domaine."
